Mask ID,STG accuracy,STG mean RT,STG std RT,STI accuracy,STI mean duration,STI std duration,xth percentile STG RT,Corrected SSRT,Lowest block STG Acc,Lowest block STI accuracy,How many blocks under 55% STG accuracy,slope,B1 STG accuracy,B1 STG mean RT,B1 STG std RT,B1 STI accuracy,B1 STI mean dur,B1 STI std dur,B2 STG accuracy,B2 STG mean RT,B2 STG std RT,B2 STI accuracy,B2 STI mean dur,B2 STI std dur,B3 STG accuracy,B3 STG mean RT,B3 STG std RT,B3 STI accuracy,B3 STI mean dur,B3 STI std dur,B4 STG accuracy,B4 STG mean RT,B4 STG std RT,B4 STI accuracy,B4 STI mean dur,B4 STI std dur
/Volumes/neuro/MR_behavioral/cleaned_data/0440,94.3181818182,750.295180723,103.162830006,75.0,502.533333333,121.012322605,824.5,321.966666667,88.6363636364,65.0,0,0.000251896633476,[100.0, 694.40909090909088, 96.771360851192625, 90.0, 349.55555555555554, 77.984487219661702, 93.18181818181819, 757.0, 96.778096695481665, 70.0, 541.42857142857144, 45.023349951067907, 88.63636363636364, 781.76923076923072, 97.384372341415045, 65.0, 634.61538461538464, 44.205009221090386, 95.45454545454545, 773.07142857142856, 97.719324222646009, 75.0, 535.33333333333337, 44.74917752192647]
